﻿pos_x,pos_y,rotation,side,designator,mpn,pack,footprint,value,mount_type
144.9625,-32.544,90.0,bottom,C1,,,C_1206_3216Metric_Pad1.33x1.80mm_HandSolder,0.1uF,smt
112.225,-75.174,180.0,bottom,C2,,,C_1206_3216Metric_Pad1.33x1.80mm_HandSolder,0.1uF,smt
173.0575,-36.034,0.0,top,J1,,,PinSocket_1x06_P2.54mm_MagPogoHor,Conn_01x06,tht
106.4625,-36.044,0.0,top,J2,,,PinSocket_1x06_P2.54mm_MagPogoHor_R,Conn_01x06,tht
125.4625,-70.844,-0.0,bottom,LED1,,,LED_choc_6028R-ROT,SK6812MINI-E,smt
154.0375,-166.094,-0.0,bottom,LED10,,,LED_choc_6028R-ROT,SK6812MINI-E,smt
125.4625,-185.144,-0.0,bottom,LED11,,,LED_choc_6028R-ROT,SK6812MINI-E,smt
154.0375,-185.144,-0.0,bottom,LED12,,,LED_choc_6028R-ROT,SK6812MINI-E,smt
154.0375,-70.844,-0.0,bottom,LED2,,,LED_choc_6028R-ROT,SK6812MINI-E,smt
125.4625,-89.894,-0.0,bottom,LED3,,,LED_choc_6028R-ROT,SK6812MINI-E,smt
154.0375,-89.894,-0.0,bottom,LED4,,,LED_choc_6028R-ROT,SK6812MINI-E,smt
125.4625,-118.469,-0.0,bottom,LED5,,,LED_choc_6028R-ROT,SK6812MINI-E,smt
154.0875,-118.469,-0.0,bottom,LED6,,,LED_choc_6028R-ROT,SK6812MINI-E,smt
125.4625,-137.519,-0.0,bottom,LED7,,,LED_choc_6028R-ROT,SK6812MINI-E,smt
154.0375,-137.519,-0.0,bottom,LED8,,,LED_choc_6028R-ROT,SK6812MINI-E,smt
125.4625,-166.094,-0.0,bottom,LED9,,,LED_choc_6028R-ROT,SK6812MINI-E,smt
125.4625,-66.144,0.0,top,SW1,,,SW_Hotswap_Kailh_Choc_V1_1.50u,SW_Push,smt
154.0375,-161.394,0.0,top,SW10,,,SW_Hotswap_Kailh_Choc_V1_1.50u,SW_Push,smt
125.4625,-180.444,0.0,top,SW11,,,SW_Hotswap_Kailh_Choc_V1_1.50u,SW_Push,smt
154.0375,-180.444,0.0,top,SW12,,,SW_Hotswap_Kailh_Choc_V1_1.50u,SW_Push,smt
154.0375,-66.144,0.0,top,SW2,,,SW_Hotswap_Kailh_Choc_V1_1.50u,SW_Push,smt
125.4625,-85.194,0.0,top,SW3,,,SW_Hotswap_Kailh_Choc_V1_1.50u,SW_Push,smt
154.0375,-85.194,0.0,top,SW4,,,SW_Hotswap_Kailh_Choc_V1_1.50u,SW_Push,smt
125.4625,-113.769,0.0,top,SW5,,,SW_Hotswap_Kailh_Choc_V1_1.50u,SW_Push,smt
154.0875,-113.769,0.0,top,SW6,,,SW_Hotswap_Kailh_Choc_V1_1.50u,SW_Push,smt
125.4625,-132.819,0.0,top,SW7,,,SW_Hotswap_Kailh_Choc_V1_1.50u,SW_Push,smt
154.0375,-132.819,0.0,top,SW8,,,SW_Hotswap_Kailh_Choc_V1_1.50u,SW_Push,smt
125.4625,-161.394,0.0,top,SW9,,,SW_Hotswap_Kailh_Choc_V1_1.50u,SW_Push,smt
130.3125,-32.614,180.0,bottom,U1,,,Waveshare-ESP32-C3-Zero,ESP32-C3,smt
152.7625,-36.044,0.0,bottom,U2,,,SOIC-28W_7.5x17.9mm_P1.27mm,MCP23S17_SO,smt
109.1425,-66.624,0.0,bottom,U3,,,SOIC-20W_7.5x12.8mm_P1.27mm,74AHC541,smt
