﻿Designator,Quantity,Value,Footprint,Package,MPN,DNP,Mount_Type,Description
"C1, C2",2,0.1uF,C_1206_3216Metric_Pad1.33x1.80mm_HandSolder,,,,smt,Unpolarized capacitor
J1,1,Conn_01x06,PinSocket_1x06_P2.54mm_MagPogoHor,,,,tht,"Generic connector, single row, 01x06, script generated (kicad-library-utils/schlib/autogen/connector/)"
J2,1,Conn_01x06,PinSocket_1x06_P2.54mm_MagPogoHor_R,,,,tht,"Generic connector, single row, 01x06, script generated (kicad-library-utils/schlib/autogen/connector/)"
"LED1, LED10, LED11, LED12, LED2, LED3, LED4, LED5, LED6, LED7, LED8, LED9",12,SK6812MINI-E,LED_choc_6028R-ROT,,,,smt,Reverse mount adressable LED (WS2812 protocol)
"SW1, SW10, SW11, SW12, SW2, SW3, SW4, SW5, SW6, SW7, SW8, SW9",12,SW_Push,SW_Hotswap_Kailh_Choc_V1_1.50u,,,,smt,"Push button switch, generic, two pins"
U1,1,ESP32-C3,Waveshare-ESP32-C3-Zero,,,,smt,
U2,1,MCP23S17_SO,SOIC-28W_7.5x17.9mm_P1.27mm,,,,smt,"16-bit I/O expander, SPI, interrupts, w pull-ups, SOIC-28"
U3,1,74AHC541,SOIC-20W_7.5x12.8mm_P1.27mm,,,,smt,8-bit Buffer/Line Driver 3-state outputs
